{"cameraMode":{"drawMode":0,"name":"Shaded","section":"Shading Mode"},"sceneLighting":true,"audioPlay":false,"sceneViewState":{"m_AlwaysRefresh":false,"showFog":true,"showSkybox":true,"showFlares":true,"showImageEffects":true,"showParticleSystems":true,"showVisualEffectGraphs":true,"m_FxEnabled":true},"in2DMode":false,"pivot":{"x":-1.0144891738891602,"y":-4.355173110961914,"z":-10.228982925415039},"rotation":{"x":-0.006565839517861605,"y":0.9929843544960022,"z":-0.09712395817041397,"w":-0.06712842732667923},"size":12.833642959594727,"orthographic":false}